{
  "articles": [
    {
      "title": "sdfds",
      "desc": "sdfsdf",
      "image": "https://images.unsplash.com/photo-1511707171634-5f897ff02aa9?q=80&w=580&auto=format&fit=crop&ixlib=rb-4.1.0&ixid=M3wxMjA3fDB8MHxwaG90by1wYWdlfHx8fGVufDB8fHx8fA%3D%3D",
      "id": 1
    },
    {
      "title": "sdeef",
      "desc": "sdfsd",
      "image": "https://rukminim2.flixcart.com/image/312/312/xif0q/mobile/f/y/e/-original-imah4jykc3knhq3b.jpeg?q=70",
      "id": 2
    },
    {
      "title": "fdghfd",
      "desc": "fghfgh",
      "image": "https://images.unsplash.com/photo-1511707171634-5f897ff02aa9?q=80&w=580&auto=format&fit=crop&ixlib=rb-4.1.0&ixid=M3wxMjA3fDB8MHxwaG90by1wYWdlfHx8fGVufDB8fHx8fA%3D%3D",
      "id": 3
    }
  ]
}